sum_earned,annual_yield,current_stake,current_total,total_interest,current_position
0x1d349f272851ddf392214b067ebb86cef48ab24d,47.41,200000,208876.8932,8876.893186,1
0x0b4ba4a38ec2a2d3c3f560bf70d1952ba02de700,47.41,200000,208876.8932,8876.893186,2
0x8d1064f9e7ff132c06b3200e19078b076c768579,47.41,200000,208876.8932,8876.893186,3
0x8bec6ff0edd4224781183bf18847529530dac2a3,47.21,200000,208839.2078,8839.20779,4
0x386d3c90b88d1d7cb31e686c47d51dd008492d3a,46.99,200000,208795.6831,8795.683071,5
0xba6491b343be68e46b92b6472e5f054fbbe19e95,46.99,200000,208795.6831,8795.683071,6
0x2a5b9f79328d998f003ff6e109f60934a6f101fd,46.99,200000,208795.6831,8795.683071,7
0x692728dc33668bdeeab4ef16a3b84fca6e23d0ab,46.99,200000,208795.3739,8795.373856,8
0x9c5d32995377a118a1db82e68eebd72da7df3d87,46.99,200000,208795.3739,8795.373856,9
0xa6e0293ef2a0c96ad4c8fb8f804b6c11b6f33d47,46.97,200000,208791.389,8791.388962,10
0xc90d8a29b726b338a8082ded0d6e24b5fd27d627,46.91,200000,208780.803,8780.802973,11
0xdd3f91cae83e75c6a6c22f7684d7af5b43555068,46.89,200000,208775.9329,8775.932934,12
0x3b03aa654ded5088b46e5da2881d6c46e12f9072,46.86,200000,208769.856,8769.856029,13
0xf6a4388d768036dcd99cd2f4aa555f1bce374c2d,46.82,200000,208761.6951,8761.695132,14
0x6732dec94acd8ab78e7850ceff53f08b7b458db3,46.7,200000,208738.3276,8738.327575,15
0x061f5fe3b4625f971fd30c1f2c6e51f8dd5dee99,46.69,200000,208735.5703,8735.570323,16
0xce5fe0a115f59f77c405905f1778adbb9c1a0cb6,46.66,200000,208729.0033,8729.00329,17
0x7eec4616038194cad402ddf78a25119eddab36fd,46.62,200000,208720.5214,8720.521435,18
0x4b223a1e9f741fd2a80e4bf369a309e3e4aa2d35,46.61,200000,208719.1426,8719.142615,19
0x68bf4b37b5823516a7c8dd840495c0ec42fbaaa4,46.61,200000,208719.1426,8719.142615,20
0x0f4341e1a869a063b851cdd143189265f5323c89,46.54,200000,208704.4434,8704.443358,21
0x9ad0ef4223d039ca9ce3afa44ba82d2d43ae8086,46.54,200000,208704.4434,8704.443358,22
0xa611cbd184bcd679384a9652c57868d9b5cf4f6b,46.53,200000,208702.5994,8702.599376,23
0x5a948324210bc8d25d63aa514dbfffce390d1a7f,46.53,200000,208702.5994,8702.599376,24
0x617e026882496d8dc5bb2e5f6d58cc6612642f57,46.52,200000,208699.8555,8699.855452,25
0x6b8c2796bbc7a4f52c2a991d21477fef0ef13da1,46.46,200000,208685.4314,8685.431418,26
0xdecf2dce49fdf1301cb5b451295d8f4aa4905d11,46.45,200000,208684.5821,8684.582135,27
0x2dd400de1b927d298d109317ac8eba612c66c81c,46.44,200000,208681.5877,8681.587653,28
0xcdee221b216e042ae1a106bc650357721f40c85c,46.44,200000,208681.5877,8681.587653,29
0x0fa9b63db95edcacfc581cc9979131809289fa86,46.43,200000,208680.1468,8680.146761,30
0x089f9f55b59f1208bad844f0ee9fc172c1547c0f,46.43,200000,208679.1213,8679.121347,31
0x60ef06f641d19c3c59aad0e96a91261e3a66da0e,46.43,200000,208679.1213,8679.121347,32
0xb0f2bffa1b7d3904d64e2114da9e029bb7be5dfb,46.4,200000,208672.6658,8672.665834,33
0x28d168b6090d39ba45b1bb63de0b4106e89315f4,46.4,200000,208672.6658,8672.665834,34
0x7dbf5fc12cc9ee3c660cf84aebc51cc72f555874,46.4,200000,208672.6658,8672.665834,35
0xa66e2103959d770e9707a02cb6458cccf435c00c,46.4,200000,208672.6658,8672.665834,36
0xa8e6b01d6ecec5796434116da44d5e24b9602631,46.4,200000,208672.6658,8672.665834,37
0x826a4de15e25fe8afdd1fe1a8dcf6e5cbdb5b2d6,46.38,200000,208666.0722,8666.072166,38
0x2985c857b061ea34a97b26371322b0416279fb7b,46.37,200000,208664.2949,8664.294858,39
0x6a5d95393a64db7ffaa2cd5f6d47cbf9502b6fb3,46.37,200000,208663.4216,8663.42165,40
0x31efe0abf3840f78cfff414b44a2846fe13e4688,46.35,200000,208660.1601,8660.16009,41
0xd5413bff766e9e2c0857033f9ba59f3c74bcb6c2,46.33,200000,208654.7253,8654.72527,42
0x739f96e7bcffd23e576cb21384ac7a79b2a6d06f,46.32,200000,208652.776,8652.775973,43
0xd92049334e75fbb946e38490d4e6be44443f383f,46.29,200000,208644.306,8644.305997,44
0xd604d7f0fe5b43387f2b5b9734d06ae9e739ed94,46.29,200000,208644.306,8644.305997,45
0x7aae441a0a07ffa3bfbf50025d825ff45f0234be,46.29,200000,208642.8494,8642.84942,46
0xd054d228b2fbae0ecb7cf28e5c3443193cb79e04,46.28,200000,208641.8812,8641.881175,47
0x681a0dc1a83f0d81a29b84ec4d76ccfa3a16f8ec,46.27,200000,208637.8987,8637.898687,48
0xea1c268163613526ed01fe813f4fd883571ca2b8,46.26,200000,208634.9831,8634.983098,49
0x000877f43163f4556ae0e069721f74cfd1a124a8,46.24,200000,208631.1487,8631.148725,50
0x5f13a591b50f65baf1e4958661f68f3861ea7203,46.32,200000,208651.5783,8651.578346,51
0x3bc20bf230002a638018d52b2a1f27064770a6cf,46.23,200000,208626.4317,8626.431672,52
0x999006a83b6b8c0bd14382cabc240b62d8683794,46.21,200000,208620.8458,8620.845822,53
0x3bbe81e8c38e2f9f24f766dbe8f8141b86920be8,46.2,200000,208617.64,8617.640011,54
0x9e23f4166b03e051e22f77ab92683eb1aca45b79,46.2,200000,208617.64,8617.640011,55
0x87073890ed466601ebbbdeb2649af3387bdbc6a9,46.2,200000,208617.64,8617.640011,56
0x9acf0402b9eefbb87182baea7e83cca29196a41e,46.2,200000,208617.64,8617.640011,57
0x115bc6b7945c73fbf61816dbed9515b7b18e1e0b,46.2,200000,208617.64,8617.640011,58
0x2f6838b610026568765bdcd0db9ca160432d2b30,46.2,200000,208617.64,8617.640011,59
0x86b5d75b160a2d0ff08238a06b41a3c26bb99b44,46.2,200000,208617.64,8617.640011,60
0x0926154421e9ef4b878c245bad4843712ffc31b3,46.2,200000,208617.64,8617.640011,61
0x7242d88ea25238bddcaef4107c0fa4b6c21827fb,46.2,200000,208617.64,8617.640011,62
0x6170470de6783422f7aa8509830d14769243e864,46.19,200000,208615.7766,8615.776568,63
0xd53a490335b909c74530072403947a8cbd742409,46.41,200000,208674.3506,8674.350614,64
0x6f080a722d9a7d26c7db1ccc8f6cfa772fa081f3,46.23,200000,208626.469,8626.468979,65
0xe2413b66d7b9b6c8865ca9766c204b18b1cb4cae,46.18,200000,208612.3773,8612.377315,66
0xacd438b73a9e079ce6a612b7e27f3b161ca595d9,46.17,200000,208609.48,8609.479986,67
0x7320dd4a03c4080a6796c305d1a486a96e7f794f,46.17,200000,208609.48,8609.479986,68
0x5d8a5b3298c7e5a244f25ca69fd77c90a5d0a751,46.16,200000,208608.1088,8608.108816,69
0x13db3015e248b5b2633c40453921aa7af5f4c23d,46.14,200000,208600.1691,8600.169059,70
0x304913964b8ab98a61b2a7300f1d054f3391cd8c,46.11,200000,208589.4333,8589.433309,71
0x34e656e8f3e95d66841bc41556a980d5ca839f9b,46.11,200000,208589.4333,8589.433309,72
0xe021bfd9b52607b5da70a11c456ac712cf5f6e4a,46.11,200000,208589.4333,8589.433309,73
0x53f4c2d275a2fbe9e3c0221522af9b644ce9fda8,46.11,200000,208589.4333,8589.433309,74
0xb614d96b5aabc93b2b02083a8bd36536b9d38bbb,46.11,200000,208589.4333,8589.433309,75
0x577e6aaed0860a59a5db65a87c9b0f023e48d3eb,46.1,200000,208587.476,8587.475954,76
0x8c9ae357f9c1b4d04f398fd697cfefcff62b9def,45.99,200000,208551.5129,8551.512912,77
0xeadb8c2154917f465c9d5801e96f7edeb8a6b34c,45.99,200000,208551.5129,8551.512912,78
0x5a269bffd2f2fc21b88e20ce9ed299ae1b2dcdbe,45.99,200000,208551.5129,8551.512912,79
0x1ce378a7de8b30643a7aef8a544e87d21d08bec3,45.99,200000,208551.5129,8551.512912,80
0xaaf8672491e91b364a0dcd30073070e12056be97,45.99,200000,208551.5129,8551.512912,81
0xecf451e330d6b2add9347eb849c0484298e4b339,46.08,200000,208579.7846,8579.784639,82
0x3343631c58d0da61a4673c513d23124d13cba56c,45.84,200000,208497.7117,8497.711711,83
0x46ddec05e55550bc83cb5032b278106cd3b2104e,46.53,200000,208695.3785,8695.378472,84
0x23708328c6e361f05121e853a3e5604ae0b6eac8,45.55,200000,208389.9805,8389.980515,85
0x41c78886be74a587da26865d2ef3a5fd71f90251,45.55,200000,208388.9989,8388.998934,86
0x3586b6c97547df6e21c2fc04c3e8feff13941171,45.55,200000,208388.9989,8388.998934,87
0xc657a730b3c7161c394fac1b50e688260d7c18dc,45.48,200000,208363.0211,8363.021096,88
0x5f2741defe1d093f1b1c2576a0a7af7f486a82f1,45.48,200000,208363.0211,8363.021096,89
0x4d2134048b6c0c90478f6924a8f100d24f1b0ca7,45.48,200000,208363.0211,8363.021096,90
0x2bfd821900873bc1b1156fcb6f6cae7bd220d823,45.48,200000,208363.0211,8363.021096,91
0x9f39ed4e6d38dc7e599fd4d8f643a5810c7b52ce,45.48,200000,208363.0211,8363.021096,92
0x3a1c10c62d7fdd705b3a314193f09eeb3f61acf6,45.48,200000,208363.0211,8363.021096,93
0x9e2a15257d01311872cd7b6d8b6275a0160dbcb1,45.48,200000,208363.0211,8363.021096,94
0xd912e783e49bd6321fdb5c0f57d777358e417ccb,45.48,200000,208363.0211,8363.021096,95
0x210b75bbcea65212309ddbcee9d1b7fcb7f0fd98,45.48,200000,208363.0211,8363.021096,96
0x822c2f6018921126b8119bdba55af1c33f8ac19a,45.48,200000,208363.0211,8363.021096,97
0x15004036bb8f6eabb93419984247509ce4d92e58,45.45,200000,208349.7221,8349.722089,98
0x4f78acae18bc4bfeeba976f2ec633746f1f314bf,45.42,200000,208337.4875,8337.487484,99
0x7bfbbe589f043ee687da40e520e4b76d6396cfa4,45.39,200000,208325.4359,8325.435865,100
0x1d44aac0c427dc3ab675fb0edc9f919e6c19568f,45.39,200000,208325.4359,8325.435865,101
0xcdae50c221e988425f31a7b34277b247e41d7166,45.39,200000,208325.4359,8325.435865,102
0x9806e7451c444b78e6b1d1ce33ad21f8c87bf736,45.39,200000,208325.4359,8325.435865,103
0x6f669e7312c93ed61dd345c3010e8637adb6c890,45.39,200000,208325.4359,8325.435865,104
0x71179066c0eaadd04e438838cb14494f792e6b3e,45.39,200000,208325.4359,8325.435865,105
0x21bfb5680acf6da7518aeb6120676a259b98703c,45.39,200000,208325.4359,8325.435865,106
0x47c6eaf43cbf0b73e35c183cf7842b5f081488f1,45.39,200000,208325.4359,8325.435865,107
0x4677e8c93d7ebd18a53212c7343bc581f91d513a,45.35,200000,208308.6697,8308.669697,108
0xada5f8f70f71f798a3fa3e83b6862473badfdf87,45.35,200000,208308.6697,8308.669697,109
0x21dc6029795c991a5e6508c6ea1659bbcc2b3eba,45.35,200000,208308.6697,8308.669697,110
0x45598f009ab07328d0f31c1d5674d9f798234716,45.35,200000,208308.6697,8308.669697,111
0x6aec8bed995d681c137bee3994d85929795eb1a5,45.35,200000,208308.6697,8308.669697,112
0xa06e2a28ce9c081ddb71a5ef096975fc7977277d,45.35,200000,208308.6697,8308.669697,113
0xbb5f84773fd9e536efba15fc0c0dfacb82f14af3,45.35,200000,208308.6697,8308.669697,114
0xe533485b822f88a46d6ccaca9a5cfecafe0f8031,45.35,200000,208308.6697,8308.669697,115
0xeefa329ea23d8f40d199c8caace9896fb12e980a,45.35,200000,208308.6697,8308.669697,116
0xd687be80628bc29df94cb6d265e3bbc5278803c2,45.35,200000,208308.6697,8308.669697,117
0x45c67f645c8331c01dc08ae02e24a1c6a8c21a7a,45.29,200000,208279.6391,8279.6391,118
0x5611f07b5fc5e7975bf4e8ae05b369ddddf7f7ba,45.96,200000,208536.7012,8536.701151,119
0x3596211b9d79b632f004efd1117460dd3e5d6027,45.26,200000,208262.254,8262.254046,120
0x03483a253c67beefd306c6e0055c4c639aaa2168,45.26,200000,208262.254,8262.254046,121
0xdba5d160e24512448197cc9cd068a2ccc5197597,45.26,200000,208262.254,8262.254046,122
0x374a893bd349424c1587011dd651f5ffcd619ae8,45.26,200000,208262.254,8262.254046,123
0x66007925c761dbd42abb61fb41f039833d942cac,45.26,200000,208262.254,8262.254046,124
0x9cabc1e147941154b18bf91eced842ede9569a7d,45.26,200000,208262.254,8262.254046,125
0x2c4d4edfbb6caf74aefa60f64da6d1d14c88c9db,45.26,200000,208262.254,8262.254046,126
0x828c8a4a1bf3176a1de4eb2263d8b124a85860c3,45.26,200000,208262.254,8262.254046,127
0x124c84a33b9505bbaf44e14f8737445751a98ab1,45.26,200000,208262.254,8262.254046,128
0x93dda7eb24f6ee68937ff507de070f76c92e3cbe,45.14,200000,208190.6201,8190.620122,129
0x134b1a1e76b36dd251195af53ad53be4d19b3580,45.14,200000,208189.7846,8189.784573,130
0xd4999394c07c8325416586db6927f21243c94616,45.12,200000,208183.7045,8183.704463,131
0xee3edc5a2da8cab4e9becf1a90cdcb15dd7dac90,44.97,200000,208090.3903,8090.390344,132
0xf9ff17491c9e7dddb46c384c07decb7378e2e3b4,46.1,200000,208565.7071,8565.707105,133
0x6abaa8b32f5509872f8fcb26293ccff1bc920098,44.61,200000,207874.1183,7874.118276,134
0x043f46972c5d9e221722c9b015709f61668b133a,44.58,200000,207855.721,7855.721042,135
0x720ac75a628a29ade6e46d0feaa3359f1441450c,43.7,200000,207336.604,7336.603972,136
0x4e6c9b229d5160381b97b2de014f88f5bded2d24,43.63,200000,207292.6048,7292.604755,137
0xfe2bdabfcaacae46fbadc9148445850b71364c92,43.47,200000,207203.1297,7203.129731,138
0xbbad2fc3d2de59706c848d6ada8d41717f724abb,43,200000,206928.8807,6928.880713,139
0x1725494f27752699515784a472ee712dc4165380,43,200000,206928.8807,6928.880713,140
0x0a1d850223b2d695f77185e88580df307f291846,43,200000,206928.8807,6928.880713,141
0xae4193c905f1ef3779748a263f4515ccb7506742,43,200000,206928.8807,6928.880713,142
0x8bf7d6e5f4d4dc664e212cbcd42ce7c60ff231e6,43,200000,206928.8807,6928.880713,143
0x7738487d8caf81e94dee68c1a0ea27d738a4a54a,43,200000,206928.8807,6928.880713,144
0xc73c8c460774f0b1a7dba885830ec5c847f101ea,43,200000,206928.8807,6928.880713,145
0x206c603b935a944f313fa6a66800f6b78124f95d,43,200000,206928.8807,6928.880713,146
0xc34e9448c31a257fe6a717e48283505ade293383,43,200000,206928.8807,6928.880713,147
0xe0e533d2725f980fc8bd8d53acf79107bb652901,42.91,200000,206868.957,6868.956964,148
0x87a9a93c85ff01c1311243592a58a5870584f5fe,42.91,200000,206868.957,6868.956964,149
0x6c877496f416f3158a83ff78bb318cdefa22183b,42.91,200000,206868.957,6868.956964,150
0xb063284df3dee7927c2f061bb552e5b2144733f2,42.91,200000,206865.4158,6865.415797,151
0xc5d1a41f8e1871fb134d28c0667ac7280d910c76,42.91,200000,206865.4158,6865.415797,152
0xf27e88a0e17f2baf23a7e97671859d6b8904e404,42.91,200000,206865.4158,6865.415797,153
0x1939270a091113a4175e096f9ecb39d4f618d27e,42.59,200000,206627.2763,6627.276331,154
0xb60b33191fbb5284a5d907e6d83bebdc287d5ffc,42.59,200000,206622.0849,6622.084949,155
0xab93ed2c8cb37490601dae8fe4b941cb2390a78e,42.59,200000,206622.0849,6622.084949,156
0x75a3b88bd7fd2387bd2c2d64b8cd28d434e01d5e,42.59,200000,206622.0849,6622.084949,157
0x04a62bb15fa9db8c57a9038dac1730609d9525d5,42.59,200000,206622.0849,6622.084949,158
0xb64c425a471d2662df2f3aadf2dfa8caacf6ef7f,42.59,200000,206622.0849,6622.084949,159
0xc83ec80bde0d8a0aee0e64b43e5199d713824578,42.54,200000,206585.3997,6585.399708,160
0x1438605d1fe5ee85cc71c15de1663efb99a29615,42.54,200000,206584.7759,6584.775853,161
0x4589d1bf3d3e21e9cdea7603f06e5dbf138ac58e,42.54,200000,206584.0435,6584.043454,162
0xef0861814a2d8aebeb8b2a1323728a5d2607e275,42.54,200000,206583.0211,6583.021084,163
0x79ec628a68bd4023b48a4681b0d1165908422eb0,42.54,200000,206581.2216,6581.221552,164
0xdec3579e4260f4bcaef2eb2027b96032c1bb888c,42.54,200000,206579.3714,6579.371353,165
0xfd2c04fb2a9b0991e013f705769300bc0699201b,42.54,200000,206578.6928,6578.692849,166
0xf9a5189484e58fcde462adaeec3c5d88a439b4bd,42.54,200000,206578.0061,6578.006112,167
0xf86d227665e6601ea6ea6ff2e3cda0b55103729a,42.53,200000,206576.6478,6576.647845,168
0x2f1b258be89d3e8edb231e5cbeb11f7db2a26b63,42.54,200000,206583.9173,6583.917274,169
0x80041e8616a8461ce09eb5655f5f8b62b418ebaf,42.37,200000,206408.6385,6408.638529,170
0xa8cb02ef27bfc983f9840bc8bd078180f3619370,42.37,200000,206408.6385,6408.638529,171
0x191ead33997f694bee1469adee32c96feccca40e,42.37,200000,206408.6385,6408.638529,172
0xc59168bc8b4041e52cbdfd43faea19fecf4d9aec,42.37,200000,206408.6385,6408.638529,173
0x01feee6743eed6f8ace03d524e325560c89f9566,42.37,200000,206408.3295,6408.329512,174
0x15be0738a92bd9e7d43e525638430727a1a4f9d9,42.37,200000,206407.7512,6407.751231,175
0xf0b1842749437ab8c93598c7b8876e56f73661c0,42.37,200000,206406.9863,6406.986321,176
0x9c37aa209b87c1853767aa5e2511bc9b4e2ab904,42.37,200000,206405.0862,6405.086164,177
0x4ad699cf7420e352c4f56ad3498fee8130964adf,42.36,200000,206404.149,6404.149007,178
0x9a895f7bdfdcfba2a66754f89d8aee367abc156c,42.33,200000,206357.94,6357.940012,179
0x0da2deeaedc641952e6d2ede897146e3dda2db6b,42.33,200000,206357.94,6357.940012,180
0x0ccd5bbf358d6bea97456f1a491f0655ee0b8088,42.33,200000,206357.94,6357.940012,181
0x319540dc1e450ff3101eec963150aea2cfea2069,42.33,200000,206357.94,6357.940012,182
0xb80b9c9f4abfeec49834c062dfa61ed84c08c7ff,42.33,200000,206357.94,6357.940012,183
0x8caec50f236a4f43b5b30c4b5b68f626350cf612,42.23,200000,206225.0883,6225.088348,184
0x3d44a5c820b32f2650db4441b1f5de81f0edb035,44.6,200000,207529.428,7529.428003,185
0xb3ff305d8911a2da56b91746ef65f47a8fb8979f,42.14,200000,206090.8974,6090.8974,186
0x1bd2adaacca2a8f23320c22b1715f5b55c891ef6,41.62,200000,205389.331,5389.330956,187
0xf1a11243b9f79527e397cbe350eec308026b5b36,41.57,200000,205319.1876,5319.18758,188
0xadb9a192b40aca1de5fd4a460e30ab4a23348dfa,41.56,200000,205313.4502,5313.450163,189
0xcbd4da81564d9140e6500ca1f0039879d44eb74c,41.56,200000,205313.4502,5313.450163,190
0xf2d1f825a4be866338350fc337d896f7fad340d7,41.56,200000,205313.4502,5313.450163,191
0xbb0a89b83ab39110e462d22fd50d0a5b80151abe,41.56,200000,205313.4502,5313.450163,192
0x76380e2be50fefdf1ca8c226523f2ded6635870d,41.56,200000,205313.4502,5313.450163,193
0x69fa616754fd635c1233eaa5a956aefa5f74934f,41.56,200000,205313.4502,5313.450163,194
0x8e94d905bfd75ae82e98e9f5ddd934f9bf1505ee,41.56,200000,205313.4502,5313.450163,195
0xe3cd989a011003ad4de85111d3680df62de146b5,41.56,200000,205313.4502,5313.450163,196
0x1ab782f80100a40e723b0ab41e0f2f551b8a0dde,41.56,200000,205313.4502,5313.450163,197
0x1aa9db131b769bd5936335779eecd91453a78a25,41.56,200000,205313.4502,5313.450163,198
0x2f6ab0712351e849d4580ca0a44638ba5ba3d84b,41.55,200000,205287.6883,5287.688268,199
0x62f50aa5f82dcb366ccfccfc617ecfb4dab7b4ef,41.55,200000,205286.9413,5286.941301,200
0x9badc159cf25ff1ee27702ffa5a02c94abd76cc2,41.47,200000,205123.7594,5123.759428,201
0xb18bed5bd8ff550ec81f7efaaebdff85ec7ed7de,41.31,200000,204773.7846,4773.78462,202
0x8cc2d2782a6ecedec9f54b23e7f82ad4b7372c93,41.33,200000,204820.6859,4820.685939,203
0x2eaa7df909217096911824f8bff79004fd684619,41.06,200000,204214.6614,4214.661414,204
0xe18f56c03c54f233ee97a1817bc6464f96965d5e,41.33,200000,204780.0896,4780.089615,205
0xb4980109e0edf16a5fa0ccfae52406c45cc9a5e5,40.69,200000,203558.928,3558.927964,206
0xb42c464652683b3e8c725e9aeae096c3179a4a5c,39.98,200000,202622.1792,2622.17923,207
0x5132b874d4f9f4ae9ffd25734517d094bd4aea83,39.38,200000,202098.9205,2098.920541,208
0x780ed9ab606df98169e063cc72a3749a0107fed1,39.19,200000,201962.6168,1962.61676,209
0xb602991c8970c3084536375b8b448b611fb40fc4,39.19,200000,201962.6168,1962.61676,210
0x620d61d73ca707d7767469be9d849b364ae08cc0,39.19,200000,201962.6168,1962.61676,211
0xba73c984d51eae034c1b13413b6f23836dc7f652,46.15,200000,207637.6427,7637.642702,212
0x65121e5f84157fd243489939bf4b0c2dc0ba1e46,38.67,200000,201616.788,1616.788017,213
0xc060f5505005ec68c2e46d7be4a8122ce8fee4cd,38.55,200000,201551.0194,1551.019439,214
0x720b319532630ac8eed9f577b9a78270cdf8a89f,38.55,200000,201551.0194,1551.019439,215
0x5e59cac3f1391a16093df9665222e2f00649c28d,38.55,200000,201551.0194,1551.019439,216
0x9d8721b33c5fc78880c3ed85c555459836283210,38.55,200000,201551.0194,1551.019439,217
0xaa6676ae480597b37303fcd8569a8e0adf902cb3,38.55,200000,201551.0194,1551.019439,218
0xbf79fa4cd18afe93cce4d219d66a83bcb5ea4ab8,38.55,200000,201550.1192,1550.119247,219
0xbb6105214b3963c973f1e2767d96cec723c2a2e9,38.53,200000,201539.9297,1539.929663,220
0x6a143a4458c30a5d77358946bdf87c55b1a94947,38.49,200000,201506.239,1506.239003,221
0x8010b39a468fc2a05b7f213bdbdec8ac1b3cb24f,37.93,200000,201139.3551,1139.355068,222
0xf6ec59cc3de2cfbc2c97f65c3644afd3581abbac,37.92,200000,201138.4123,1138.412284,223
0x3f211ad7441aad16817db165686c7654914a1614,37.82,200000,201084.3965,1084.396538,224
0x3a79019fea9c0dd84add5766be58d57826295fbb,37.48,200000,200915.9356,915.9356154,225
0x1c7644d91099d07cab30bee0a2ed774e36fa580b,37.27,200000,200830.6021,830.6020695,226
0x6a55a21985cee90e6d36f55fd33c3fd538447642,36.31,200000,200569.8266,569.8266484,227
0xb01ae7a18dd97a329080323c72f0b1fa4eb8e5be,35.95,200000,200505.3828,505.3828083,228
0xcfb617674b345d34ba383753399629ded8e48744,35.86,200000,200490.5487,490.5486656,229
0xc1d598ff150396d19b487ec2d1de865d927198d3,35.86,200000,200490.5487,490.5486656,230
0x1f17b0b1c49370d4eda3afee5427cb0f16d4c86f,35.86,200000,200490.5487,490.5486656,231
0xa7da56829e0dfda519fd7d7de7fc535c8d299769,35.86,200000,200490.5487,490.5486656,232
0x71aa4b3833622a39ba171047a53919fb062d42aa,35.86,200000,200490.5487,490.5486656,233
0x8a57680f0a398534252da853ad52b5e4725e523a,35.69,200000,200460.6098,460.6098458,234
0xf8a206f6531334f675b10e047a7081446072c1a0,35.69,200000,200460.6098,460.6098458,235
0x23f2cdb240e2c268eefe23d463db3dbde1e93630,35.69,200000,200460.6098,460.6098458,236
0xaaa4aff3bb642c2c485402799a5949ac6688d47a,35.69,200000,200460.6098,460.6098458,237
0x1c9b0c6d84fa72767d894f8e8fce566a6bac4846,35.69,200000,200460.6098,460.6098458,238
0x92b141cdc6f9b64238a624aeeee67242bcb91b6d,34.58,200000,200302.534,302.5339733,239
0x03aac5ab3fc6af9fb4a3c81179a519bec64d5c3d,34.58,200000,200302.534,302.5339733,240
0x1c4988a67838908dc544d8e74b52588301752e9b,34.58,200000,200302.534,302.5339733,241
0xf8e9b59a5db6369e564487857e765360095ef4d3,34.58,200000,200302.534,302.5339733,242
0x69d1f477808f404d06ed674c98f3e765aacf4144,34.58,200000,200302.534,302.5339733,243
0x5d84ccbcc2658e1ee5fbb52e13ff3f1bfecdfbde,34.58,200000,200302.534,302.5339733,244
0x1d9c845f1239ea1239a3fa7ddbdb5824f45b7e7d,34.58,200000,200302.534,302.5339733,245
0x1c564858d679b823d9097219495cb4bdceeeb038,34.58,200000,200302.534,302.5339733,246
0x7981cab982592f2561ef8bbc269239dd73c7809c,34.58,200000,200302.534,302.5339733,247
0x55e2840d707c6101d90fdf8cd8cd16e220ee0068,34.58,200000,200302.534,302.5339733,248
0x10168ca8bb485d44a845a290b6f42a048e0a9135,34.29,200000,200266.4786,266.4785864,249
0xb42ea1103604ba348f7cb3c66c77a61936215a25,34.28,200000,200265.5471,265.5470539,250
0x719260dec1bd1438ca9d138a969bdce81d15fa21,34.28,200000,200265.263,265.263005,251
0x388461760a5fba09f2a8d6535e038c2dc456ad1c,34.28,200000,200264.924,264.9240059,252
0x7435ef2fc6cee3e41f3a6a96baf96f2a7454ea6d,34.26,200000,200263.0738,263.0738459,253
0x5b7ead0743183bc6edd6cd0a50a2e8328d96fec9,34.16,200000,200250.7398,250.7397936,254
0xc5351d75b6db042b49cea05856d0953f2c0fc983,34.16,200000,200250.7398,250.7397936,255
0xd7bc8325f7d4ad8d4e04f487d19b8887106c439a,34.16,200000,200250.7398,250.7397936,256
0xc171159350c03d4187729ed3a4783f17030db541,34.16,200000,200250.7398,250.7397936,257
0xa9ee24d7151f8bf3f562f85f2d7b473288c41dbd,34.16,200000,200250.7398,250.7397936,258
0xa2dcb59003ef92aa7a62c2b7e22c8d2b22bdba76,34.16,200000,200250.7398,250.7397936,259
0x9dc9147a3252a080528d474cbd28d6170cc97da9,34.16,200000,200250.7398,250.7397936,260
0xfa611692cb8b27a30fe7cc296acb766d30cf7a27,34.16,200000,200250.7398,250.7397936,261
0x3b11abbc7f28fce8418c8132a55fc133e31e2189,34.16,200000,200250.7398,250.7397936,262
0xcd98f291f5599aab682212fec6a6054a1ea3f4fe,34.16,200000,200250.7398,250.7397936,263
0xe01b9e1f10c3b0b4fa50f98714b0b401d1fe1695,33.99,200000,200218.9585,218.9584831,264
0x9a4b1086225fa9c3355d071ca0c6c6b05508a337,33.99,200000,200218.9585,218.9584831,265
0xdf2e2914c45f9631e2e1fee0e955430f66981051,33.99,200000,200218.9585,218.9584831,266
0x92a9062244397ed0a2ae62a79a3217f532ca1c74,33.99,200000,200218.9585,218.9584831,267
0x9162c8810c5c1f72c0099bab250f814be9dc9c14,33.99,200000,200218.9585,218.9584831,268
0x4dfb0f7632444a4da331132ebfeeae0a30063bb6,33.99,200000,200218.9585,218.9584831,269
0x07d8d30894d34bee32b6ee7c3c3eab38b26de60a,33.99,200000,200218.9585,218.9584831,270
0x1c4202df027657c630ae99e4c2ba29a7f98443ad,33.99,200000,200218.9585,218.9584831,271
0x1958133b4741ee4e0543d1ea4dcadfbb05ac1949,33.98,200000,200215.55,215.5499602,272
0xccc7a0ab5146b168545af2ab88d8276f18f97542,33.98,200000,200215.55,215.5499602,273
0x1528e7e4ed79cef8deea6cbb2e6d17ef59419c01,33.98,200000,200215.55,215.5499602,274
0x439d153b44789d1d1f7f31225403983003901279,33.98,200000,200215.55,215.5499602,275
0x54b337985facede88fa7cb71f338333bfbf5f1c8,33.98,200000,200215.55,215.5499602,276
0xda2e2bdb618bdbc8b0f7cfdbc371a001fbdb116f,33.96,200000,200198.302,198.301952,277
0x8ed9d6931981e09c9b0c62a2d370aa30020da07f,43.88,200000,205359.8184,5359.8184,278
0x773db801476a705790ec9fe3fdd8c3f87689ef5e,46.02,200000,202531.3514,2531.351374,279
0xeca433c8da331a7a62b84f03f2a3e784c252a69b,46.24,200000,202226.7739,2226.773931,280
0x650b80d0269dc7c00e15340d8f96e6020313137a,45.42,200000,206643.4956,6643.495586,281
0x3906260c111a6703d466a6d5dd09fd02d18c3d83,41.25,199911.4578,204536.4926,4625.034783,282
0x028f1c65073b122c33484753e251cf3951fa9a20,46.99,197547.1044,206234.913,8687.808611,283
0x5f8c4ac6b9f73355420b608b46922edfef1498f2,46.14,174793.6813,181562.712,6769.030684,284
0xc0072b1e7b1ac8f0ce0cb235c1d304e900986328,46.31,170960,178353.9856,7393.985626,285
0xee247ec73fcd18773e238e213c1503cd13824a2e,37.76,168977.0268,169864.9353,887.9084533,286
0x6ed2ff654a96b80e77d1eaf2524aa074a4a5592d,42.47,167550,173003.1172,5453.117169,287
0xf822a2bb8da6faf94466182d0645e812de80bb31,46.66,165949,173191.5722,7242.572239,288
0x6ff475893ca9d9a1faec14db68aa2158b53b267f,38.28,163539.1004,164643.2299,1104.12954,289
0xe4378cad087a26d1f9476132f0dc30bb9e1b6114,45.73,161454.389,168281.1151,6826.726089,290
0x9f2b671289e362d029266066d2f2a51948ba1288,45.14,160150,166708.8055,6558.805546,291
0x2e8a99e38f04cf2497b0009cfd5fc1c1d1d3790c,46.41,159109.1437,164982.0904,5872.946717,292
0x6b3bc54756c76df0630ca7b7631b393a96da4fb1,46.27,154443.5366,161115.1091,6671.572453,293
0xf5df9e4c2a9971210a93de43d629cd90c3b28b11,42.57,153517,158588.1598,5071.159849,294
0x51e96ee62f15a31f75cc1963103333eec3827ffd,43.7,152973.8309,158585.373,5611.542077,295
0x5bf7a86466fc56387c1bb38ed9054b316b6b2c20,45.1,151782.1807,157820.5655,6038.384787,296
0x5cd2f3d811d066ff3e2da3e27a54543f3b988286,34.07,150000.9287,150176.3548,175.4261421,297
0xfbc141350d34912183546907d87d44a137703e1c,45.55,149328.5226,155592.8053,6264.282692,298
0x8ac3f943a091f098597c048f5fc4a3e426ffabc3,44.14,148671.7705,154316.428,5644.657493,299
0x67c29e4efa1bd71dd1a1cc0f5738aef5c7d7a17f,35.27,142966.7546,143243.8313,277.0766418,300
0x5a3aee2052e3a54745bae59f5bf4378cde094d6a,46.39,142425.5246,148600.0351,6174.51045,301
0xfefbd340fe9ecb4ca42f68cef57b9237e1ecd183,46.06,141179.2798,147232.5666,6053.286769,302
0xe0f24e2999c99369f0de2aae1e82ede17a20e62e,42.99,140000,144849.0491,4849.049123,303
0x4fe8071c1381e20cc7f1e2b08bf7caf393a7693c,42.99,140000,144849.0491,4849.049123,304
0xe92145672c7063558fdf668dfe6d23bbc41b92c2,42.99,140000,144849.0491,4849.049123,305
0xbe97be4d0885d526ff1b082fffbf73349a45110e,42.99,140000,144849.0491,4849.049123,306
0xd16dbee6d1a59b40373a9cb88b1185b93aeabc77,42.99,140000,144849.0491,4849.049123,307
0xccb13acba60b1cc10f237f0d7edce1348fb97e95,42.99,140000,144849.0491,4849.049123,308
0xc82ca1ca8ea4e3a7cb31e45fe68727613c2f654d,42.99,140000,144849.0491,4849.049123,309
0x049830bb15a5548596be150b580f947b37b272b1,42.99,140000,144849.0491,4849.049123,310
0x061fc3667d25ca0ccbeb66a538573f242953054a,42.99,140000,144849.0491,4849.049123,311
0xd5042117fad711e0b47d1476e6ae76fbe78ce847,42.99,140000,144849.0491,4849.049123,312
0x7560cf0291605a08304ab483e896e81ac110358e,45.94,139674.479,144376.1526,4701.673693,313
0xb15b2333fe9dc08c4a52ca86b6b7e9ee9173f3bc,45.22,137047.5043,142694.9018,5647.397496,314
0x3312c7edb6be634c3b83bb946f4cf3ca14798021,45.69,131845.7687,137410.6166,5564.847863,315
0xf0cb07aa8322a983e6f7ae621770e5af872c0f18,46.01,129470.607,135010.9969,5540.389855,316
0x06e899335625194f89398be8e757b0bafc3cbe8f,38.55,128664.12,129661.4232,997.30323,317
0x2eb2096a3772a8d34ce5204c137f6fa381afa9f6,46.27,127252.1579,132749.4043,5497.246378,318
0xdd3ae35bfd4d43481ecfd21bc3361e81eb0caec0,45.77,126662.1204,131586.2241,4924.10368,319
0x6f45b8bbb188080eb48f4f07fb84d416b6a1f5c5,46.81,124075.3267,129510.3347,5435.008056,320
0x15908b3180e311a9499cea6a72961fdab10b0fac,45.05,122688.3622,127443.714,4755.35178,321
0x6e825e86ce4c78afba37b12a7a7f54dc743f1401,43.49,122322.3141,126626.0883,4303.774157,322
0x9268bd3537916bea3e97435e7ffdb78781e598f3,43.03,119829.8601,123992.6201,4162.759991,323
0xfccf822f27464c393f5da83028e66bfd65e3060b,45.62,117171.6745,120905.9331,3734.258608,324
0x6a5ee25fe2eb03a072c6653c7fdb6e98cf6ba9ff,38.4,113481.0514,114296.6012,815.5497513,325
0x853824fe8162a3262a8771d9ebe4f275d63cdf02,45.97,111455.0335,116167.5407,4712.507249,326
0x58e7c96d3428167c15345475224cd1399c463ab4,44.52,110202.1628,114512.3425,4310.179762,327
0xeb30f637208eb3b2f6eae0f9ef4352bb902415bd,44.95,103770.4619,107962.6337,4192.171791,328
0x89884a1ddd3d0c1b809b2054eccc1a0450538344,46.58,101105.9432,105510.1483,4404.205181,329
0x3b5c6165c634a2c224ec63e13fae120d82900065,35.48,100593.4917,100805.5511,212.0593245,330
0x4bc214ec2dfc335af4e1ea348131190aa9c4c461,46.91,100446.2198,104856.5123,4410.292515,331
0x43c5761a3613d25208e213e744667685369877b3,45.25,100298.0203,104438.5128,4140.492552,332
0x001d6c3d328c05b042cc2264ba34bf80b08e7950,45.76,100236.9987,104480.9163,4243.917619,333
0x1acd318a70d0ca0429430c8b5b29c06640ec4c25,44.72,100216.4767,104193.9548,3977.47812,334
0x95aa368a6850ccae55a417c365764ea9ff3eedfa,46.89,100000,104388.4727,4388.472748,335
0x2209623537f734b22354403fd1bc1b3a33399e55,43.49,100000,103518.9441,3518.944125,336
0x33e8aef17d0a4daec3d1ba921f3fb6909bf02386,43.47,94147.83068,97538.62587,3390.795191,337
0x79c2fd6dde22d986e7609b93411c1c52a68cf67d,42.94,93489.04641,96708.16805,3219.121642,338
0x7cea76a208ab7cc64dd44d3b38a898924d9f2a6f,46.26,92985.01726,97000.11592,4015.098658,339
0xcadcd5393135523ba3845b74d22a27cd98e48aa6,43.43,85966.03048,89055.19667,3089.166195,340
0xf9a3083b4f843491a446d19f7bdf2b55dffc4845,45.05,85961.25472,88551.58911,2590.334384,341
0x4cd94f282dc195d28108644e663f07bed4d1de93,42.45,85260.28358,87781.70795,2521.424373,342
0x98f64e17979556116bfa5ee3d3a102c8b235cfbd,43.15,83934.72793,86878.32524,2943.597314,343
0x08d96ffb012b907bfa2a4fd682cadea34f0d38d6,46.29,78747.84661,82151.08281,3403.236199,344
0xf579178412d7e51a21526ed9f4542f70f98baf7c,44.6,75996.37326,78753.81672,2757.443459,345
0x02aa27df7abc9d0e4c5a49903304b9aaa7c150c2,40.34,74692.447,75821.95809,1129.511088,346
0x75a9dcf1cd91f0428e3a5569f01e92e6fb241b6a,39.54,74590.11081,75416.36598,826.2551657,347
0x0845023d9cf11cd2e5127c00801d512fe0ede684,46.1,73434.98468,76588.01544,3153.030759,348
0x4e6bbf39c8d279733f68d14f33568b363353573a,46.49,73005,76178.14452,3173.144516,349
0xa85fda66b2f25d1883e6f78c4c356a088842f9cf,46.81,72440.78754,75613.99107,3173.203524,350
0x842e2593d9b957350eef51370de719d33e23d735,46.07,68558.26226,70232.88744,1674.625184,351
0x08b15f1cb0571f22bc9d5fe275c1d887ed22f83d,33.97,65665.9903,65734.36289,68.37259261,352
0xce03e6e80f81d41ae9b16fa20bebdfdec793324b,46.3,63683.50621,66437.04561,2753.539407,353
0xd8bcd058ad4760c27028f7c7a087ed3e83bcc2e8,46.88,61856.80529,64570.61724,2713.811955,354
0x1aae6401096e9e3b316b4f6f3d7e63c37ef3b1cd,46.85,60043,62675.28611,2632.286109,355
0xd21a48b9e46b8e8c15fdd7a7f5e2c5a2431bb535,46.1,60000,62576.18145,2576.181454,356
0x29fed7a84e4bf70057bc428a1dc268b4eb2f2aa3,46.3,59546.2312,62120.78678,2574.555575,357
0x216ee2606b3496bd6ae4e15f91ef72061e27d2c3,39.65,58179,58850.28662,671.2866194,358
0x90b7b40f1243b1ddaa76c8faf860acdda1107823,41.94,57420.98722,59087.20056,1666.213345,359
0x822d71d5538635f5806e82b3ad0d90fb155e52dc,46.42,55698.68453,58114.81576,2416.131229,360
0xd37f788418af6481a2a8115dc4372826d8164971,45.73,55661.17357,58014.72877,2353.555196,361
0xb9f74301d97c18ee9bdfe51e09fa44a3d1839cfa,45.56,55125.6768,56661.99553,1536.318732,362
0x79966c2bf6c1e84e7bff288a48864d096f580621,45.25,54874.04768,57140.28148,2266.233797,363
0x09e38f3529056aaa625bdc6819f772d652414646,41.74,54256.80875,55760.40028,1503.591533,364
0xa8c8cfb141a3bb59fea1e2ea6b79b5ecbcd7b6ca,35.42,53529.45339,53639.45816,110.0047735,365
0x96343013bc2ba01845821defaa50c98a5842443a,46.27,52910,55195.57147,2285.571475,366
0x90ea8008d47a8f4adb27e4797870e90827a8a24a,38.93,52688.77519,53156.75122,467.9760322,367
0xcf09e5ed31666eb9dbd0ca5e9f619e7dec8b3013,45.57,52482.23071,54685.76135,2203.530635,368
0xc9f2cd4eae6038432499c1112fc8fa3dae6d6400,41.01,51568.35918,52759.73153,1191.372348,369
0xd8cedc40d030f69f0ad1da005895d1eee9d93ade,38.06,51000,51309.69019,309.6901927,370
0x1636c7324ddd2c4d64a2d3818539e4c5c8d7d5ba,43.6,50994.21249,52849.71668,1855.504195,371
0x406cd9b0b56f3d9c9c70ca542f0968ddfbf93c4b,38.72,50955.03007,51392.93215,437.9020732,372
0x1c985b5c0e74a7d0755c0df928b6413c85d70424,46.75,50719.18249,52937.85792,2218.675429,373
0xe1690314342864926821c1a6b80d105a0692bdfa,40.68,50505.16235,51396.46919,891.3068394,374
0xed42f688778d4b34eb9160515ddbfe43fba80cad,43.03,50342.43531,52091.27717,1748.841861,375
0xb932d7ea640b6c4a706b3cbb9c14470dd761fe18,44.87,50128.5925,52141.52353,2012.93103,376
0xd96dc134086e1ee29671911bc171a2bf2134bffe,47.19,50000.255,52208.75757,2208.502566,377
0x67e43d44fb163a44506e743fae63e5d1a512c484,46.46,50000.18589,52171.87752,2171.691632,378
0x33b97917f6c822ff382aee80199c2137b5ec653b,46.56,49793.33545,51961.23291,2167.897468,379
0x0887157c02a51e58d527ba71a0cfa16539843a47,45.23,49725.7108,51776.18446,2050.473662,380
0x979690bd32044dfde62eab2eba688466ab955250,46.44,49518.79074,51668.45141,2149.660667,381
0x7efa953a499055bfe0018917cad47900d08f0f42,46.13,49500.91865,51628.88152,2127.962871,382
0x7b72decc7dd295dc201bb7a30c6a3fbb41a5f706,42.28,46057.9699,47506.17359,1448.203699,383
0xd743dc7d52343380c79834c7d359ae633b954c9e,41.6,45067.5872,46276.83115,1209.24395,384
0xa2dcb52f5cf34a84a2ebfb7d937f7051ae4c697b,46.27,44933.18354,46873.7833,1940.599766,385
0xbcca37da7feff5d420601a57a734758d149557dd,46.29,43771.622,45663.46116,1891.839165,386
0x5cfb52d8fbd1143160f41d38bdcb613e098b0d96,46.4,41338.0091,43130.19347,1792.18437,387
0x5b191f5a2b4a867c4ed71858daccc51fc59c69c0,41.8,41198.15185,42355.2099,1157.058051,388
0x01175849b5c9a23720fd45cc4a6d050b728c38ec,46.81,41117.204,42918.36563,1801.161633,389
0xd0c2ddfc7257595a276ba23bd0cda0e2763f936e,45.94,40896.26432,42640.86624,1744.601922,390
0xf160eb503d89a7e2709375bbbdff9752a034a5de,33.97,40732.42477,40775.81719,43.39242042,391
0x947fc4252ac34930d35b37044dbd2e5a6c3b3a26,33.95,39806.61522,39840.55475,33.93952919,392
0x21b63ec19703f7331448b8ee191b9fa3c869c45b,46.11,39467.47101,40958.13432,1490.663308,393
0x563b934d1d92453b1805cfc0a85ddd9cf6b489e8,46.44,39000.0002,40693.02955,1693.029357,394
0x819e2e93c4e9bc2624d081f7107275494da7fff4,45.58,38910.35537,40299.83133,1389.475954,395
0x44d5bcf7028d9a50ce6eb540430d78335197e8ff,46.81,37629.76711,39278.10521,1648.338093,396
0x1b39c5cadcfc073fd0f072387ca89342328cdc95,46.62,37117.73705,38736.13258,1618.395528,397
0x6c198533df56292da4241d64ae72d8d5712b8b26,36.95,36798.48726,36931.5425,133.0552426,398
0xb8bc9d902368e39e8b4fbb7cb2aab7e8f9526a54,43.15,36499.9317,37779.98709,1280.05539,399
0x25dc795e4959ab7ee42222f6221cd6b65072c3d4,46.84,36448.6025,38046.14518,1597.542676,400
0x152676c60b6e1c4e70e197444217ab9dc0737a1b,45.84,35709.47156,37226.71554,1517.243973,401
0xeed0c1c491335a05aa53e298c6a698301042893f,41.42,35100.18972,35979.28837,879.0986528,402
0x32cb1f8b516ff8eca927241e7cff6bf867af79b7,46.6,34563.13987,36069.34539,1506.205512,403
0x166a9564589b930e195d9e02a4660bafecc16de2,46.48,34484.1827,35982.78126,1498.59856,404
0xfe90621b5623ba4cf6bb6b9c2f696a706a8d03c0,42.86,33785.10492,34938.15941,1153.054491,405
0x9d7990cc034173c69a26ca7098b6dafa3313bd36,41.34,33212.88273,34016.81134,803.9286093,406
0xcf31f4d35f2cea9277e6b931d0d85db987130603,46.62,31876.2252,33266.07527,1389.85007,407
0x953892becca9268796c1d6e778804d1111b79449,37.79,31450,31617.82778,167.8277809,408
0xcb040304666bb9f54b6a050005a4ebcc3c21b8f1,45.07,31374.6617,32653.35748,1278.695776,409
0x6360642fdb5ca9506f59f3c295affb1b3051c180,42.08,30518.63731,31434.5018,915.8644882,410
0x6a3b13e15844d3bae751ec4ecb36746773acf581,46.5,30180.38166,31492.41949,1312.037821,411
0x075a31b4de6146beeb4f2b8e45885d0744b7690f,46.75,30107.97801,31424.91602,1316.93801,412
0x03d02d6689ee7535ff51ad5149de1b46a1b51715,42.64,30025.17439,31024.86195,999.6875587,413
0x3632f31234577569e8b6cc3417e877b08228cb54,33.97,30000,30030.98817,30.98817487,414
0x04608902393b8af538586a444df9d2c787f7dcfe,33.97,30000,30030.98817,30.98817487,415
0x203974728132de40f1bd685e0a846ae8af8affac,33.97,30000,30030.98817,30.98817487,416
0x891a12acc41b0dd70aa3626c6b78be5e9123b5df,40.23,29993.4751,30428.12799,434.6528826,417
0x7c29e61769cc400fc2853cd68dffe44e67d17f70,33.95,29550,29576.36918,26.36918469,418
0x6a41ba4a699cd3b120d7ba55be7f905469f00d22,42.16,29535.42849,30438.09651,902.6680213,419
0xf3b7998b458602cab21dab03553a050fcfbe3ce3,46.19,29017.72804,30267.62758,1249.899541,420
0x061e8468c4145b69e7474a6348da2efeaee73b35,45.72,27999.45405,29182.68734,1183.233297,421
0x817c0ad7b724a59ec2180066355c07bcdde7b34d,35.93,26585.3705,26651.78275,66.41224824,422
0x67b334fd3c769fc4406a94d99e673eebadab40f7,46.59,26483.77668,27580.65984,1096.88316,423
0x48b211039586619b04cfb3b040cdd12165e3a9cf,45.87,26127.49523,27238.83823,1111.342998,424
0x2eebb47cc203e436d778fb49ff3a243e3ebac056,42.57,26100,26962.7175,862.7175041,425
0x7fe16c9e8017bb6b0ba845569b19a4b1e934e690,46.78,26020.77846,27159.66317,1138.88471,426
0xab981e1d4def77708b93d09eb4bbc635ed02fcff,46.61,25900,27029.17978,1129.179779,427
0x22b7d8d1b6cbfdd9a0b37f857b9bee94169cc4ed,44.97,25864.69677,26910.88387,1046.187106,428
0x7b9e02930322585fa8090e5c73a5bedb78dfcbed,45.07,25663.7066,26709.65007,1045.943473,429
0x96405f4816272b4b0ed4f5683dfb76c0c104a429,41.57,25220.47554,25890.88733,670.4117867,430
0xd33f2c1abc81441c941dc370bbb5abcf1bd9c712,44.46,25127.19176,26096.145,968.9532427,431
0xbef1e252fd96973af98ff72f919e0d567644a339,44.46,25085.02265,26061.53239,976.5097416,432
0xfacb1e5a7a7c8baa4e16f07cef045fdcc867fde3,46.08,25065.95386,26141.43742,1075.483558,433
0x95a3b909bc391106d2907cbe6f872aef5a147c0d,46.69,25009.78847,26102.19999,1092.411522,434
0xe08346c4c0072bfbe4efd7d93d0cf984d6141d37,46.85,25000.90187,26096.94182,1096.03995,435
0x8c51296091c9c4f3bb2021516cd1a01f1c2c0f5a,45.45,24497.61041,25520.68399,1023.073577,436
0xd132d1cb6cb363ce4f8a5351573cbbbf96dcf17e,46.13,24191.3376,25231.16901,1039.831413,437
0x78d5dc428489993decfe313954c480616ff7841e,46.87,24143,25202.00241,1059.002411,438
0xad5949536d265b179614c3ec14af5313f1e2937e,40.67,23687.11025,24104.72505,417.6147979,439
0x975d9c369db256c1c65d843bb4d46b639b25311f,44.4,23680.98142,24597.896,916.9145754,440
0x18637c34a0982be3dea615a2788d5ce76eb5789d,45.28,23531.31749,24504.56664,973.2491526,441
0xb9abea871234d10181d82ad160bf56a9615dc821,46.28,23498.18511,24513.46316,1015.278051,442
0xf353879560a72dd8912b17f889c93fcf39d1b32c,45.6,23340.65801,24260.61347,919.955468,443
0xfc011860c9e4b840ab97c2c3936611c88fce3673,42.31,23064.94891,23795.70959,730.7606794,444
0x4256e61c96b502ac3b471e17f397d26d87dcb9d7,46.3,23000.0003,23994.24168,994.2413808,445
0x6335c134b9f106f39868f602318b44e03e2f908b,46.19,22501.84987,23471.07583,969.2259561,446
0xb13780857d9c6a6129cacfddd416fa4aba5e9034,44.85,22097.60853,22983.43155,885.8230189,447
0xfe8662eab6cbbe726e2fca50e7526200e2db1055,46.78,22029.45898,22993.6505,964.1915229,448
0x8aad258810811321f504b85e1a3b07473a32a8ba,34.16,22000.0796,22027.66362,27.58401659,449
0x47d7448bd9c022a5174a0e4d01175a8bc2e22a5b,46.33,21997.8266,22949.74381,951.9172082,450
0xc7deb710bd7ba2e635a1c3bb1b6e461f75500aee,45.53,21960.31762,22880.70623,920.3886139,451
0x0f9a8f5693b37e20dba04df08140b8b7afcaad34,46.31,21922.44659,22870.48841,948.0418203,452
0xbeccd591411088a451cb3268249de38564d7b469,44.72,21779.13575,22643.87672,864.7409704,453
0x062b7add03c4d1b8602214290d5cc2c2df1393dc,45.9,21450.94688,22364.67269,913.7258036,454
0x3443ba97c54f3bfca7926f1f5f9f2962134e0095,37.12,21332.92021,21415.89715,82.97694278,455
0xac029a845c9c21bf2010b3769d0661fe7a696cf4,33.94,21288,21304.81187,16.81186658,456
0x4f591ab422ed6a5a8783419501971479f78d3c83,45.47,21072.434,21953.00228,880.5682823,457
0xda50beb6279f1b18e7fa5e061483d0dceb2af064,39.88,21000,21264.79661,264.7966132,458
0xd00aa07614318eb4d0b1643b5fe09fbd65e1b4ef,44.82,20988.1888,21827.70717,839.5183687,459
0x35a3b299162230d58f54a6d35397ca8d8818e99b,38.99,20786.01506,20974.61764,188.6025805,460
0x8524b0a8c16e4badd1ee73ada2b251644d188194,42.4,20528,21189.35043,661.3504308,461
0x0118fb177eb5ad34226f0c7922f36dcb1a9597f5,45.56,20520.4903,21381.81148,861.3211851,462
0x74bcb8fb153754182f1d0aaf5b68502b3f02b3e6,46.59,20463.3714,21354.91237,891.5409742,463
0xbc5f6487234011ae50abdf0a864ec9131e8d2ce3,44.98,20305.2014,21127.18606,821.9846555,464
0x1e328b3b893bb9a62635a5f618665f986343f898,46.57,20294.2703,21178.10153,883.8312332,465
0x199dd1ada10d98d0c9bc56ee7b4098e2e48debbb,43.5,20150,20877.4768,727.4768045,466
0x14fabd345204da0b60f69ba53b01785f72ed4c61,37.82,20145.49257,20254.79388,109.3013087,467
0x6bc46d8292ba9d0a264b00820d17bcfa3712d109,45.32,20135,20969.6644,834.6643999,468
0xd22567ceb1d867d993b364bbcbc71445fbf7fdb1,41.55,20125.18667,20656.6007,531.4140312,469
0x197917eac1c27020f6524a636d3e5049bb839dcc,46.86,20099.88017,20981.31885,881.43868,470
0xc05a9140806c769e44688d18942fb4575f3968bd,46.88,20078.9085,20959.75846,880.8499628,471
0x306bb23fab9d9fc7e3d5602db9cd58483c7d230d,46.26,20069.33564,20935.82114,866.4855027,472
0x5d9f4366c726f0fdfdfca6182ee490432c65ffba,45.97,20063.3282,20920.43956,857.11136,473
0x728349048cecf3a05c10a51cf5626a8ea7d6cf24,45.27,20054.07489,20882.81996,828.7450663,474
0xcc9b43ecaeb35bc3d136ec3ad8380929b7660840,45.1,20024.32386,20842.11983,817.7959721,475
0xf4dffbf4b8512466db631a1769ffc8dfeca86912,46.54,20000,20870.35098,870.3509808,476
0x79462fc71a5fc63294f09629dadf9532465d73dd,46.33,20000,20865.46478,865.4647802,477
0x4a0573f70e77a28dd079c0e079174135ab6b41c5,42.82,20000,20679.56359,679.5635892,478
0x90ab39b06cd89c151a6d6e10f4822c868051a390,43.65,20000,20734.98063,734.9806331,479
